maturity,n,mean_svl,sd
0,9,1.885102,0.62836
1,37,4.828663,0.793827